Month,Year,Corporate Entity,Pipeline Name,Key Point,Latitude,Longitude,Direction of Flow,Trade Type,Product,Throughput (1000 m3/d),Nameplate Capacity (1000 m3/d),Available Capacity (1000 m3/d),Reason For Variance
1,2006,Trans-Northern Pipelines Inc.,Trans-Northern,system,,,not available,intracanada,refined petroleum products,34.45161290322581,,,
2,2006,Trans-Northern Pipelines Inc.,Trans-Northern,system,,,not available,intracanada,refined petroleum products,34.82142857142857,,,
3,2006,Trans-Northern Pipelines Inc.,Trans-Northern,system,,,not available,intracanada,refined petroleum products,33.806451612903224,,,
4,2006,Trans-Northern Pipelines Inc.,Trans-Northern,system,,,not available,intracanada,refined petroleum products,27.166666666666668,,,
5,2006,Trans-Northern Pipelines Inc.,Trans-Northern,system,,,not available,intracanada,refined petroleum products,27.419354838709676,,,
6,2006,Trans-Northern Pipelines Inc.,Trans-Northern,system,,,not available,intracanada,refined petroleum products,33.46666666666667,,,
7,2006,Trans-Northern Pipelines Inc.,Trans-Northern,system,,,not available,intracanada,refined petroleum products,35.193548387096776,,,
8,2006,Trans-Northern Pipelines Inc.,Trans-Northern,system,,,not available,intracanada,refined petroleum products,33.29032258064516,,,
9,2006,Trans-Northern Pipelines Inc.,Trans-Northern,system,,,not available,intracanada,refined petroleum products,35.6,,,
10,2006,Trans-Northern Pipelines Inc.,Trans-Northern,system,,,not available,intracanada,refined petroleum products,36.58064516129032,,,
11,2006,Trans-Northern Pipelines Inc.,Trans-Northern,system,,,not available,intracanada,refined petroleum products,37.233333333333334,,,
12,2006,Trans-Northern Pipelines Inc.,Trans-Northern,system,,,not available,intracanada,refined petroleum products,35.96774193548387,,,
1,2007,Trans-Northern Pipelines Inc.,Trans-Northern,system,,,not available,intracanada,refined petroleum products,34.61290322580645,,,
2,2007,Trans-Northern Pipelines Inc.,Trans-Northern,system,,,not available,intracanada,refined petroleum products,30.857142857142858,,,
3,2007,Trans-Northern Pipelines Inc.,Trans-Northern,system,,,not available,intracanada,refined petroleum products,33.29032258064516,,,
4,2007,Trans-Northern Pipelines Inc.,Trans-Northern,system,,,not available,intracanada,refined petroleum products,30.866666666666667,,,
5,2007,Trans-Northern Pipelines Inc.,Trans-Northern,system,,,not available,intracanada,refined petroleum products,33.03225806451613,,,
6,2007,Trans-Northern Pipelines Inc.,Trans-Northern,system,,,not available,intracanada,refined petroleum products,37.166666666666664,,,
7,2007,Trans-Northern Pipelines Inc.,Trans-Northern,system,,,not available,intracanada,refined petroleum products,33.096774193548384,,,
8,2007,Trans-Northern Pipelines Inc.,Trans-Northern,system,,,not available,intracanada,refined petroleum products,36.83870967741935,,,
9,2007,Trans-Northern Pipelines Inc.,Trans-Northern,system,,,not available,intracanada,refined petroleum products,36.3,,,
10,2007,Trans-Northern Pipelines Inc.,Trans-Northern,system,,,not available,intracanada,refined petroleum products,38.12903225806452,,,
11,2007,Trans-Northern Pipelines Inc.,Trans-Northern,system,,,not available,intracanada,refined petroleum products,35.46666666666667,,,
12,2007,Trans-Northern Pipelines Inc.,Trans-Northern,system,,,not available,intracanada,refined petroleum products,36.38709677419355,,,
1,2008,Trans-Northern Pipelines Inc.,Trans-Northern,system,,,not available,intracanada,refined petroleum products,35.25806451612903,,,
2,2008,Trans-Northern Pipelines Inc.,Trans-Northern,system,,,not available,intracanada,refined petroleum products,32.89655172413793,,,
3,2008,Trans-Northern Pipelines Inc.,Trans-Northern,system,,,not available,intracanada,refined petroleum products,32.25806451612903,,,
4,2008,Trans-Northern Pipelines Inc.,Trans-Northern,system,,,not available,intracanada,refined petroleum products,32.03333333333333,,,
5,2008,Trans-Northern Pipelines Inc.,Trans-Northern,system,,,not available,intracanada,refined petroleum products,37.096774193548384,,,
6,2008,Trans-Northern Pipelines Inc.,Trans-Northern,system,,,not available,intracanada,refined petroleum products,38.833333333333336,,,
7,2008,Trans-Northern Pipelines Inc.,Trans-Northern,system,,,not available,intracanada,refined petroleum products,34.83870967741935,,,
8,2008,Trans-Northern Pipelines Inc.,Trans-Northern,system,,,not available,intracanada,refined petroleum products,35.483870967741936,,,
9,2008,Trans-Northern Pipelines Inc.,Trans-Northern,system,,,not available,intracanada,refined petroleum products,33.43333333333333,,,
10,2008,Trans-Northern Pipelines Inc.,Trans-Northern,system,,,not available,intracanada,refined petroleum products,35.70967741935484,,,
11,2008,Trans-Northern Pipelines Inc.,Trans-Northern,system,,,not available,intracanada,refined petroleum products,36.6,,,
12,2008,Trans-Northern Pipelines Inc.,Trans-Northern,system,,,not available,intracanada,refined petroleum products,35.74193548387097,,,
1,2009,Trans-Northern Pipelines Inc.,Trans-Northern,system,,,not available,intracanada,refined petroleum products,33.12903225806452,,,
2,2009,Trans-Northern Pipelines Inc.,Trans-Northern,system,,,not available,intracanada,refined petroleum products,33.5,,,
3,2009,Trans-Northern Pipelines Inc.,Trans-Northern,system,,,not available,intracanada,refined petroleum products,31.64516129032258,,,
4,2009,Trans-Northern Pipelines Inc.,Trans-Northern,system,,,not available,intracanada,refined petroleum products,31.233333333333334,,,
5,2009,Trans-Northern Pipelines Inc.,Trans-Northern,system,,,not available,intracanada,refined petroleum products,34.806451612903224,,,
6,2009,Trans-Northern Pipelines Inc.,Trans-Northern,system,,,not available,intracanada,refined petroleum products,34.6,,,
7,2009,Trans-Northern Pipelines Inc.,Trans-Northern,system,,,not available,intracanada,refined petroleum products,33.87096774193548,,,
8,2009,Trans-Northern Pipelines Inc.,Trans-Northern,system,,,not available,intracanada,refined petroleum products,32.54838709677419,,,
9,2009,Trans-Northern Pipelines Inc.,Trans-Northern,system,,,not available,intracanada,refined petroleum products,36.53333333333333,,,
10,2009,Trans-Northern Pipelines Inc.,Trans-Northern,system,,,not available,intracanada,refined petroleum products,33.225806451612904,,,
11,2009,Trans-Northern Pipelines Inc.,Trans-Northern,system,,,not available,intracanada,refined petroleum products,33.6,,,
12,2009,Trans-Northern Pipelines Inc.,Trans-Northern,system,,,not available,intracanada,refined petroleum products,34.483870967741936,,,
1,2010,Trans-Northern Pipelines Inc.,Trans-Northern,system,,,not available,intracanada,refined petroleum products,32.903225806451616,,,
2,2010,Trans-Northern Pipelines Inc.,Trans-Northern,system,,,not available,intracanada,refined petroleum products,33.214285714285715,,,
3,2010,Trans-Northern Pipelines Inc.,Trans-Northern,system,,,not available,intracanada,refined petroleum products,31.838709677419356,,,
4,2010,Trans-Northern Pipelines Inc.,Trans-Northern,system,,,not available,intracanada,refined petroleum products,32.86666666666667,,,
5,2010,Trans-Northern Pipelines Inc.,Trans-Northern,system,,,not available,intracanada,refined petroleum products,35.12903225806452,,,
6,2010,Trans-Northern Pipelines Inc.,Trans-Northern,system,,,not available,intracanada,refined petroleum products,37.3,,,
7,2010,Trans-Northern Pipelines Inc.,Trans-Northern,system,,,not available,intracanada,refined petroleum products,36.806451612903224,,,
8,2010,Trans-Northern Pipelines Inc.,Trans-Northern,system,,,not available,intracanada,refined petroleum products,35.193548387096776,,,
9,2010,Trans-Northern Pipelines Inc.,Trans-Northern,system,,,not available,intracanada,refined petroleum products,37.0,,,
10,2010,Trans-Northern Pipelines Inc.,Trans-Northern,system,,,not available,intracanada,refined petroleum products,33.38709677419355,,,
11,2010,Trans-Northern Pipelines Inc.,Trans-Northern,system,,,not available,intracanada,refined petroleum products,33.2,,,
12,2010,Trans-Northern Pipelines Inc.,Trans-Northern,system,,,not available,intracanada,refined petroleum products,34.25806451612903,,,
1,2011,Trans-Northern Pipelines Inc.,Trans-Northern,system,,,not available,intracanada,refined petroleum products,32.54838709677419,,,
2,2011,Trans-Northern Pipelines Inc.,Trans-Northern,system,,,not available,intracanada,refined petroleum products,33.5,,,
3,2011,Trans-Northern Pipelines Inc.,Trans-Northern,system,,,not available,intracanada,refined petroleum products,31.64516129032258,,,
4,2011,Trans-Northern Pipelines Inc.,Trans-Northern,system,,,not available,intracanada,refined petroleum products,26.466666666666665,,,
5,2011,Trans-Northern Pipelines Inc.,Trans-Northern,system,,,not available,intracanada,refined petroleum products,29.580645161290324,,,
6,2011,Trans-Northern Pipelines Inc.,Trans-Northern,system,,,not available,intracanada,refined petroleum products,33.7,,,
7,2011,Trans-Northern Pipelines Inc.,Trans-Northern,system,,,not available,intracanada,refined petroleum products,34.58064516129032,,,
8,2011,Trans-Northern Pipelines Inc.,Trans-Northern,system,,,not available,intracanada,refined petroleum products,32.193548387096776,,,
9,2011,Trans-Northern Pipelines Inc.,Trans-Northern,system,,,not available,intracanada,refined petroleum products,34.06666666666667,,,
10,2011,Trans-Northern Pipelines Inc.,Trans-Northern,system,,,not available,intracanada,refined petroleum products,32.645161290322584,,,
11,2011,Trans-Northern Pipelines Inc.,Trans-Northern,system,,,not available,intracanada,refined petroleum products,33.4,,,
12,2011,Trans-Northern Pipelines Inc.,Trans-Northern,system,,,not available,intracanada,refined petroleum products,32.516129032258064,,,
1,2012,Trans-Northern Pipelines Inc.,Trans-Northern,system,,,not available,intracanada,refined petroleum products,30.741935483870968,,,
2,2012,Trans-Northern Pipelines Inc.,Trans-Northern,system,,,not available,intracanada,refined petroleum products,31.310344827586206,,,
3,2012,Trans-Northern Pipelines Inc.,Trans-Northern,system,,,not available,intracanada,refined petroleum products,30.129032258064516,,,
4,2012,Trans-Northern Pipelines Inc.,Trans-Northern,system,,,not available,intracanada,refined petroleum products,32.8,,,
5,2012,Trans-Northern Pipelines Inc.,Trans-Northern,system,,,not available,intracanada,refined petroleum products,30.032258064516128,,,
6,2012,Trans-Northern Pipelines Inc.,Trans-Northern,system,,,not available,intracanada,refined petroleum products,33.13333333333333,,,
7,2012,Trans-Northern Pipelines Inc.,Trans-Northern,system,,,not available,intracanada,refined petroleum products,34.54838709677419,,,
8,2012,Trans-Northern Pipelines Inc.,Trans-Northern,system,,,not available,intracanada,refined petroleum products,34.096774193548384,,,
9,2012,Trans-Northern Pipelines Inc.,Trans-Northern,system,,,not available,intracanada,refined petroleum products,33.63333333333333,,,
10,2012,Trans-Northern Pipelines Inc.,Trans-Northern,system,,,not available,intracanada,refined petroleum products,33.74193548387097,,,
11,2012,Trans-Northern Pipelines Inc.,Trans-Northern,system,,,not available,intracanada,refined petroleum products,34.93333333333333,,,
12,2012,Trans-Northern Pipelines Inc.,Trans-Northern,system,,,not available,intracanada,refined petroleum products,33.935483870967744,,,
1,2013,Trans-Northern Pipelines Inc.,Trans-Northern,system,,,not available,intracanada,refined petroleum products,29.451612903225808,,,
2,2013,Trans-Northern Pipelines Inc.,Trans-Northern,system,,,not available,intracanada,refined petroleum products,32.285714285714285,,,
3,2013,Trans-Northern Pipelines Inc.,Trans-Northern,system,,,not available,intracanada,refined petroleum products,31.096774193548388,,,
4,2013,Trans-Northern Pipelines Inc.,Trans-Northern,system,,,not available,intracanada,refined petroleum products,32.96666666666667,,,
5,2013,Trans-Northern Pipelines Inc.,Trans-Northern,system,,,not available,intracanada,refined petroleum products,34.645161290322584,,,
6,2013,Trans-Northern Pipelines Inc.,Trans-Northern,system,,,not available,intracanada,refined petroleum products,35.4,,,
7,2013,Trans-Northern Pipelines Inc.,Trans-Northern,system,,,not available,intracanada,refined petroleum products,33.70967741935484,,,
8,2013,Trans-Northern Pipelines Inc.,Trans-Northern,system,,,not available,intracanada,refined petroleum products,32.774193548387096,,,
9,2013,Trans-Northern Pipelines Inc.,Trans-Northern,system,,,not available,intracanada,refined petroleum products,34.2,,,
10,2013,Trans-Northern Pipelines Inc.,Trans-Northern,system,,,not available,intracanada,refined petroleum products,31.35483870967742,,,
11,2013,Trans-Northern Pipelines Inc.,Trans-Northern,system,,,not available,intracanada,refined petroleum products,28.633333333333333,,,
12,2013,Trans-Northern Pipelines Inc.,Trans-Northern,system,,,not available,intracanada,refined petroleum products,33.41935483870968,,,
1,2014,Trans-Northern Pipelines Inc.,Trans-Northern,system,,,not available,intracanada,refined petroleum products,32.96774193548387,,,
2,2014,Trans-Northern Pipelines Inc.,Trans-Northern,system,,,not available,intracanada,refined petroleum products,34.285714285714285,,,
3,2014,Trans-Northern Pipelines Inc.,Trans-Northern,system,,,not available,intracanada,refined petroleum products,32.903225806451616,,,
4,2014,Trans-Northern Pipelines Inc.,Trans-Northern,system,,,not available,intracanada,refined petroleum products,30.933333333333334,,,
5,2014,Trans-Northern Pipelines Inc.,Trans-Northern,system,,,not available,intracanada,refined petroleum products,33.54838709677419,,,
6,2014,Trans-Northern Pipelines Inc.,Trans-Northern,system,,,not available,intracanada,refined petroleum products,35.333333333333336,,,
7,2014,Trans-Northern Pipelines Inc.,Trans-Northern,system,,,not available,intracanada,refined petroleum products,34.32258064516129,,,
8,2014,Trans-Northern Pipelines Inc.,Trans-Northern,system,,,not available,intracanada,refined petroleum products,35.064516129032256,,,
9,2014,Trans-Northern Pipelines Inc.,Trans-Northern,system,,,not available,intracanada,refined petroleum products,32.93333333333333,,,
10,2014,Trans-Northern Pipelines Inc.,Trans-Northern,system,,,not available,intracanada,refined petroleum products,33.935483870967744,,,
11,2014,Trans-Northern Pipelines Inc.,Trans-Northern,system,,,not available,intracanada,refined petroleum products,33.43333333333333,,,
12,2014,Trans-Northern Pipelines Inc.,Trans-Northern,system,,,not available,intracanada,refined petroleum products,33.61290322580645,,,
1,2015,Trans-Northern Pipelines Inc.,Trans-Northern,system,,,not available,intracanada,refined petroleum products,30.838709677419356,,,
2,2015,Trans-Northern Pipelines Inc.,Trans-Northern,system,,,not available,intracanada,refined petroleum products,33.32142857142857,,,
3,2015,Trans-Northern Pipelines Inc.,Trans-Northern,system,,,not available,intracanada,refined petroleum products,33.87096774193548,,,
4,2015,Trans-Northern Pipelines Inc.,Trans-Northern,system,,,not available,intracanada,refined petroleum products,33.93333333333333,,,
5,2015,Trans-Northern Pipelines Inc.,Trans-Northern,system,,,not available,intracanada,refined petroleum products,33.12903225806452,,,
6,2015,Trans-Northern Pipelines Inc.,Trans-Northern,system,,,not available,intracanada,refined petroleum products,36.666666666666664,,,
7,2015,Trans-Northern Pipelines Inc.,Trans-Northern,system,,,not available,intracanada,refined petroleum products,36.32258064516129,,,
8,2015,Trans-Northern Pipelines Inc.,Trans-Northern,system,,,not available,intracanada,refined petroleum products,35.12903225806452,,,
9,2015,Trans-Northern Pipelines Inc.,Trans-Northern,system,,,not available,intracanada,refined petroleum products,33.06666666666667,,,
10,2015,Trans-Northern Pipelines Inc.,Trans-Northern,system,,,not available,intracanada,refined petroleum products,32.483870967741936,,,
11,2015,Trans-Northern Pipelines Inc.,Trans-Northern,system,,,not available,intracanada,refined petroleum products,33.766666666666666,,,
12,2015,Trans-Northern Pipelines Inc.,Trans-Northern,system,,,not available,intracanada,refined petroleum products,31.806451612903224,,,
1,2016,Trans-Northern Pipelines Inc.,Trans-Northern,system,,,not available,intracanada,refined petroleum products,30.548387096774192,,,
2,2016,Trans-Northern Pipelines Inc.,Trans-Northern,system,,,not available,intracanada,refined petroleum products,30.586206896551722,,,
3,2016,Trans-Northern Pipelines Inc.,Trans-Northern,system,,,not available,intracanada,refined petroleum products,30.129032258064516,,,
4,2016,Trans-Northern Pipelines Inc.,Trans-Northern,system,,,not available,intracanada,refined petroleum products,32.0,,,
5,2016,Trans-Northern Pipelines Inc.,Trans-Northern,system,,,not available,intracanada,refined petroleum products,29.677419354838708,,,
6,2016,Trans-Northern Pipelines Inc.,Trans-Northern,system,,,not available,intracanada,refined petroleum products,31.4,,,
7,2016,Trans-Northern Pipelines Inc.,Trans-Northern,system,,,not available,intracanada,refined petroleum products,35.064516129032256,,,
8,2016,Trans-Northern Pipelines Inc.,Trans-Northern,system,,,not available,intracanada,refined petroleum products,33.935483870967744,,,
9,2016,Trans-Northern Pipelines Inc.,Trans-Northern,system,,,not available,intracanada,refined petroleum products,31.433333333333334,,,
10,2016,Trans-Northern Pipelines Inc.,Trans-Northern,system,,,not available,intracanada,refined petroleum products,30.096774193548388,,,
11,2016,Trans-Northern Pipelines Inc.,Trans-Northern,system,,,not available,intracanada,refined petroleum products,27.866666666666667,,,
12,2016,Trans-Northern Pipelines Inc.,Trans-Northern,system,,,not available,intracanada,refined petroleum products,30.451612903225808,,,
1,2017,Trans-Northern Pipelines Inc.,Trans-Northern,system,,,not available,intracanada,refined petroleum products,29.51125806451613,,,
2,2017,Trans-Northern Pipelines Inc.,Trans-Northern,system,,,not available,intracanada,refined petroleum products,27.79082142857143,,,
3,2017,Trans-Northern Pipelines Inc.,Trans-Northern,system,,,not available,intracanada,refined petroleum products,26.33309677419355,,,
4,2017,Trans-Northern Pipelines Inc.,Trans-Northern,system,,,not available,intracanada,refined petroleum products,29.191166666666668,,,
5,2017,Trans-Northern Pipelines Inc.,Trans-Northern,system,,,not available,intracanada,refined petroleum products,29.58693548387097,,,
6,2017,Trans-Northern Pipelines Inc.,Trans-Northern,system,,,not available,intracanada,refined petroleum products,30.1416,,,
7,2017,Trans-Northern Pipelines Inc.,Trans-Northern,system,,,not available,intracanada,refined petroleum products,30.3,,,
8,2017,Trans-Northern Pipelines Inc.,Trans-Northern,system,,,not available,intracanada,refined petroleum products,29.8,,,
9,2017,Trans-Northern Pipelines Inc.,Trans-Northern,system,,,not available,intracanada,refined petroleum products,27.1,,,
10,2017,Trans-Northern Pipelines Inc.,Trans-Northern,system,,,not available,intracanada,refined petroleum products,24.9,,,
11,2017,Trans-Northern Pipelines Inc.,Trans-Northern,system,,,not available,intracanada,refined petroleum products,25.7,,,
12,2017,Trans-Northern Pipelines Inc.,Trans-Northern,system,,,not available,intracanada,refined petroleum products,28.86383870967742,,,
1,2018,Trans-Northern Pipelines Inc.,Trans-Northern,system,,,not available,intracanada,refined petroleum products,27.5,,,
2,2018,Trans-Northern Pipelines Inc.,Trans-Northern,system,,,not available,intracanada,refined petroleum products,27.0,,,
3,2018,Trans-Northern Pipelines Inc.,Trans-Northern,system,,,not available,intracanada,refined petroleum products,26.3,,,
4,2018,Trans-Northern Pipelines Inc.,Trans-Northern,system,,,not available,intracanada,refined petroleum products,25.5,,,
5,2018,Trans-Northern Pipelines Inc.,Trans-Northern,system,,,not available,intracanada,refined petroleum products,26.4,,,
6,2018,Trans-Northern Pipelines Inc.,Trans-Northern,system,,,not available,intracanada,refined petroleum products,27.3,,,
7,2018,Trans-Northern Pipelines Inc.,Trans-Northern,system,,,not available,intracanada,refined petroleum products,27.2,,,
8,2018,Trans-Northern Pipelines Inc.,Trans-Northern,system,,,not available,intracanada,refined petroleum products,28.1,,,
9,2018,Trans-Northern Pipelines Inc.,Trans-Northern,system,,,not available,intracanada,refined petroleum products,28.0,,,
10,2018,Trans-Northern Pipelines Inc.,Trans-Northern,system,,,not available,intracanada,refined petroleum products,25.9,,,
11,2018,Trans-Northern Pipelines Inc.,Trans-Northern,system,,,not available,intracanada,refined petroleum products,26.1,,,
12,2018,Trans-Northern Pipelines Inc.,Trans-Northern,system,,,not available,intracanada,refined petroleum products,28.5,,,
1,2019,Trans-Northern Pipelines Inc.,Trans-Northern,system,,,not available,intracanada,refined petroleum products,25.9,,,
2,2019,Trans-Northern Pipelines Inc.,Trans-Northern,system,,,not available,intracanada,refined petroleum products,26.7,,,
3,2019,Trans-Northern Pipelines Inc.,Trans-Northern,system,,,not available,intracanada,refined petroleum products,27.1,,,
4,2019,Trans-Northern Pipelines Inc.,Trans-Northern,system,,,not available,intracanada,refined petroleum products,25.5,,,
5,2019,Trans-Northern Pipelines Inc.,Trans-Northern,system,,,not available,intracanada,refined petroleum products,25.4,,,
6,2019,Trans-Northern Pipelines Inc.,Trans-Northern,system,,,not available,intracanada,refined petroleum products,27.1,,,
7,2019,Trans-Northern Pipelines Inc.,Trans-Northern,system,,,not available,intracanada,refined petroleum products,26.64706451612903,,,
8,2019,Trans-Northern Pipelines Inc.,Trans-Northern,system,,,not available,intracanada,refined petroleum products,28.650870967741938,,,
9,2019,Trans-Northern Pipelines Inc.,Trans-Northern,system,,,not available,intracanada,refined petroleum products,25.582066666666666,,,
10,2019,Trans-Northern Pipelines Inc.,Trans-Northern,system,,,not available,intracanada,refined petroleum products,22.780677419354838,,,
11,2019,Trans-Northern Pipelines Inc.,Trans-Northern,system,,,not available,intracanada,refined petroleum products,23.8843,,,
12,2019,Trans-Northern Pipelines Inc.,Trans-Northern,system,,,not available,intracanada,refined petroleum products,28.027967741935484,,,
1,2020,Trans-Northern Pipelines Inc.,Trans-Northern,system,,,not available,intracanada,refined petroleum products,24.7,,,
2,2020,Trans-Northern Pipelines Inc.,Trans-Northern,system,,,not available,intracanada,refined petroleum products,23.9,,,
3,2020,Trans-Northern Pipelines Inc.,Trans-Northern,system,,,not available,intracanada,refined petroleum products,23.5,,,
4,2020,Trans-Northern Pipelines Inc.,Trans-Northern,system,,,not available,intracanada,refined petroleum products,9.2,,,
5,2020,Trans-Northern Pipelines Inc.,Trans-Northern,system,,,not available,intracanada,refined petroleum products,16.1,,,
6,2020,Trans-Northern Pipelines Inc.,Trans-Northern,system,,,not available,intracanada,refined petroleum products,22.3,,,
